{"music": 1.0, "enterprise": 0.7671232876712328, "web": 0.6458333333333334, "software": 0.6601307189542484, "games_video": 0.5961538461538461, "network_hosting": 0.7058823529411765, "finance": 0.6666666666666666, "mobile": 0.6582278481012658, "education": 0.75, "public_relations": 0.4, "security": 0.7894736842105263, "other": 0.18181818181818182, "photo_video": 0.7142857142857143, "hardware": 0.4074074074074074, "ecommerce": 0.44, "advertising": 0.7258064516129032, "travel": 0.875, "fashion": 0.625, "analytics": 0.8421052631578947, "consulting": 0.6666666666666666, "biotech": 0.6470588235294118, "cleantech": 0.43478260869565216, "search": 0.5833333333333334, "semiconductor": 0.6857142857142857, "social": 0.5714285714285714, "medical": 0.5714285714285714, "automotive": 0.5, "messaging": 0.6363636363636364, "manufacturing": 0.0, "hospitality": 0.6468039003250271, "news": 0.875, "transportation": 1.0, "sports": 0.6468039003250271, "real_estate": 0.3333333333333333, "health": 1.0}