{"California": 0.680327868852459, "Massachusetts": 0.7710843373493976, "Kentucky": 0.5, "New York": 0.7264150943396226, "Colorado": 0.7368421052631579, "Virginia": 0.5384615384615384, "Texas": 0.5476190476190477, "Washington": 0.5714285714285714, "Illinois": 0.5, "North Carolina": 0.2857142857142857, "Pennsylvania": 0.35294117647058826, "Georgia": 0.5454545454545454, "New Hampshire": 0.5, "Missouri": 0.5, "Florida": 0.3333333333333333, "New Jersey": 0.42857142857142855, "West Virginia": 0.6468039003250271, "Michigan": 0.0, "District of Columbia": 0.5, "Connecticut": 0.0, "Maryland": 0.7142857142857143, "Ohio": 0.0, "Tennessee": 0.6666666666666666, "Minnesota": 0.6, "Rhode Island": 0.6666666666666666, "Oregon": 0.8571428571428571, "Utah": 0.3333333333333333, "Maine": 0.5, "Nevada": 0.5, "New Mexico": 0.6468039003250271, "Indiana": 0.5, "Arizona": 0.5, "Idaho": 0.6468039003250271, "Arkansas": 0.6468039003250271, "Wisconsin": 0.6468039003250271}