{"CA": 0.680327868852459, "MA": 0.7710843373493976, "KY": 0.5, "NY": 0.7264150943396226, "CO": 0.7368421052631579, "VA": 0.5384615384615384, "TX": 0.5476190476190477, "WA": 0.5714285714285714, "IL": 0.5, "NC": 0.2857142857142857, "PA": 0.35294117647058826, "GA": 0.5454545454545454, "NH": 0.5, "MO": 0.5, "FL": 0.3333333333333333, "NJ": 0.42857142857142855, "WV": 0.6468039003250271, "MI": 0.0, "DC": 0.5, "CT": 0.0, "MD": 0.7142857142857143, "OH": 0.0, "TN": 0.6666666666666666, "MN": 0.6, "RI": 0.6666666666666666, "OR": 0.8571428571428571, "UT": 0.3333333333333333, "ME": 0.5, "NV": 0.5, "NM": 0.6468039003250271, "IN": 0.5, "AZ": 0.5, "ID": 0.6468039003250271, "AR": 0.6468039003250271, "WI": 0.6468039003250271}